{"cameraMode":{"drawMode":0,"name":"Shaded","section":"Shading Mode"},"sceneLighting":true,"audioPlay":false,"sceneViewState":{"m_AlwaysRefresh":false,"showFog":true,"showSkybox":true,"showFlares":true,"showImageEffects":true,"showParticleSystems":true,"showVisualEffectGraphs":true,"m_FxEnabled":true},"in2DMode":false,"pivot":{"x":13.258706092834473,"y":-0.1292395442724228,"z":-34.873077392578128},"rotation":{"x":-0.023938842117786409,"y":0.9723045229911804,"z":-0.2036118358373642,"w":-0.11493004858493805},"size":24.24871063232422,"orthographic":false}